/*
MySQL Backup
Source Server Version: 5.5.25
Source Database: webauth
Date: 2018/6/21 00:36:28
*/

SET FOREIGN_KEY_CHECKS=0;

-- ----------------------------
--  Table structure for `tbl_login_app_info`
-- ----------------------------
DROP TABLE IF EXISTS `tbl_login_app_info`;
CREATE TABLE `tbl_login_app_info` (
  `APP_ID` varchar(11) NOT NULL,
  `APP_NAME` varchar(64) DEFAULT NULL,
  `APP_PWD` varchar(64) DEFAULT NULL,
  `TERM_LIMIT` int(3) DEFAULT NULL,
  `TERM_ANDROID_LIMIT` int(2) DEFAULT NULL,
  `TERM_IPHONE_LIMIT` int(2) DEFAULT NULL,
  `TERM_WEB_LIMIT` int(2) DEFAULT NULL,
  `NEW_KILL_OUT` int(1) DEFAULT NULL,
  `NOTIFY_URL` varchar(256) DEFAULT NULL,
  `PUBLIC_KEY` varchar(512) DEFAULT NULL,
  `STATUS` int(1) DEFAULT NULL,
  `CREATE_TIME` varchar(19) DEFAULT NULL,
  `VERSION` int(11) DEFAULT NULL,
  PRIMARY KEY (`APP_ID`)
) ENGINE=InnoDB DEFAULT CHARSET=utf8;

-- ----------------------------
--  Table structure for `tbl_login_user_account`
-- ----------------------------
DROP TABLE IF EXISTS `tbl_login_user_account`;
CREATE TABLE `tbl_login_user_account` (
  `LOGIN_ID` varchar(64) NOT NULL,
  `LOGIN_NAME` varchar(64) DEFAULT NULL,
  `LOGIN_MOBILE` varchar(16) DEFAULT NULL,
  `LOGIN_EMAIL` varchar(64) DEFAULT NULL,
  `LOGIN_PWD` varchar(64) DEFAULT NULL,
  `STATUS` int(1) DEFAULT NULL,
  `PWD_ERR_COUNT` int(11) DEFAULT NULL,
  `LAST_AUTH_UUID` varchar(64) DEFAULT NULL,
  `LAST_AUTH_TIME` varchar(19) DEFAULT NULL,
  `REGISTER_TIME` varchar(19) DEFAULT NULL,
  `UPDATE_TIME` varchar(19) DEFAULT NULL,
  `VERSION` int(11) DEFAULT NULL,
  PRIMARY KEY (`LOGIN_ID`)
) ENGINE=InnoDB DEFAULT CHARSET=utf8;

-- ----------------------------
--  Table structure for `tbl_login_user_token`
-- ----------------------------
DROP TABLE IF EXISTS `tbl_login_user_token`;
CREATE TABLE `tbl_login_user_token` (
  `TOKEN_ID` varchar(32) NOT NULL DEFAULT '',
  `USER_ID` varchar(32) NOT NULL,
  `APP_ID` varchar(11) NOT NULL,
  `UUID` varchar(64) DEFAULT NULL,
  `TERM_TYPE` int(2) NOT NULL COMMENT '终端类型',
  `TOKEN` varchar(64) DEFAULT NULL,
  `VALID_TIME` varchar(19) DEFAULT NULL,
  `LOGIN_STATUS` int(1) DEFAULT NULL,
  `CREATE_TIME` varchar(19) DEFAULT NULL,
  `VERSION` int(11) DEFAULT NULL,
  PRIMARY KEY (`TOKEN_ID`)
) ENGINE=InnoDB DEFAULT CHARSET=utf8;

-- ----------------------------
--  Table structure for `tbl_msg_auth_info`
-- ----------------------------
DROP TABLE IF EXISTS `tbl_msg_auth_info`;
CREATE TABLE `tbl_msg_auth_info` (
  `UUID` varchar(64) NOT NULL DEFAULT '',
  `FUNCTION_ID` varchar(20) NOT NULL DEFAULT '',
  `MSG_ADDR` varchar(64) NOT NULL DEFAULT '',
  `FUNCTION_TO_ID` varchar(20) DEFAULT NULL,
  `SESSION_TOKEN_ID` varchar(64) DEFAULT NULL,
  `MSG_CODE` varchar(16) DEFAULT NULL,
  `MSG_VALID_TIME` varchar(19) DEFAULT NULL,
  `MSG_STATUS` int(1) DEFAULT NULL,
  `MSG_TOKEN` varchar(64) DEFAULT NULL,
  `VERISON` int(11) DEFAULT NULL,
  PRIMARY KEY (`UUID`,`FUNCTION_ID`)
) ENGINE=InnoDB DEFAULT CHARSET=utf8;

-- ----------------------------
--  Table structure for `tbl_msg_funtion_info`
-- ----------------------------
DROP TABLE IF EXISTS `tbl_msg_funtion_info`;
CREATE TABLE `tbl_msg_funtion_info` (
  `FUNCTION_ID` varchar(16) NOT NULL DEFAULT '0',
  `FUNCTION_NAME` varchar(32) DEFAULT NULL,
  `AUTH_TYPE` int(1) DEFAULT NULL,
  `NEED_MSGTOKEN` int(1) DEFAULT NULL COMMENT '往不同手机邮箱上发送，是否需要本账号的授权码',
  `VERIFY_FIELD_NAME` varchar(20) DEFAULT NULL COMMENT '验证码校验字段，若是不填写则不校验，填写则需要和特定请求字段校验',
  `MAPPING` varchar(64) DEFAULT NULL,
  `TEMPLATE` varchar(512) DEFAULT NULL,
  `STATUS` int(1) DEFAULT NULL,
  PRIMARY KEY (`FUNCTION_ID`)
) ENGINE=InnoDB DEFAULT CHARSET=utf8;

-- ----------------------------
--  Table structure for `tbl_msg_send_info`
-- ----------------------------
DROP TABLE IF EXISTS `tbl_msg_send_info`;
CREATE TABLE `tbl_msg_send_info` (
  `MSG_ID` varchar(11) NOT NULL DEFAULT '',
  `USER_ID` varchar(11) DEFAULT NULL,
  `UUID` varchar(64) DEFAULT NULL,
  `FUNCTION_ID` varchar(16) DEFAULT NULL,
  `MSG_TYPE` int(11) DEFAULT NULL,
  `MSG_TOKEN` varchar(64) DEFAULT NULL,
  `MSG_ADDR` varchar(64) DEFAULT NULL,
  `MSG_CODE` varchar(16) DEFAULT NULL,
  `MSG_CONTENT` varchar(256) DEFAULT NULL,
  `MSG_VALID_TIME` varchar(19) DEFAULT NULL,
  `MSG_STATUS` int(1) DEFAULT NULL,
  `CREATE_DATE` varchar(12) DEFAULT NULL,
  `CREATE_TIME` varchar(19) DEFAULT NULL,
  PRIMARY KEY (`MSG_ID`)
) ENGINE=InnoDB DEFAULT CHARSET=utf8;

-- ----------------------------
--  Table structure for `tbl_system_log`
-- ----------------------------
DROP TABLE IF EXISTS `tbl_system_log`;
CREATE TABLE `tbl_system_log` (
  `LOG_ID` varchar(32) NOT NULL,
  `USER_ID` varchar(32) DEFAULT NULL,
  `LOG_KEY_VALUE` varchar(64) DEFAULT NULL,
  `UUID` varchar(64) DEFAULT NULL,
  `APP_ID` varchar(16) DEFAULT NULL,
  `FUNCTION_ID` varchar(64) DEFAULT NULL,
  `FUNCTION_NAME` varchar(64) DEFAULT NULL,
  `REQUEST_INFO` varchar(4096) DEFAULT NULL,
  `RESULT_CODE` varchar(6) DEFAULT NULL,
  `RESULT_MSG` varchar(256) DEFAULT NULL,
  `MAPPING` varchar(256) DEFAULT NULL,
  `EXCUTE_TIME` varchar(10) DEFAULT NULL,
  `CREATE_DATE` varchar(19) DEFAULT NULL,
  `CREATE_TIME` varchar(19) DEFAULT NULL,
  PRIMARY KEY (`LOG_ID`)
) ENGINE=InnoDB DEFAULT CHARSET=utf8;

-- ----------------------------
--  Table structure for `tbl_system_log_function`
-- ----------------------------
DROP TABLE IF EXISTS `tbl_system_log_function`;
CREATE TABLE `tbl_system_log_function` (
  `FUNCTION_ID` varchar(6) NOT NULL DEFAULT '',
  `FUNCTION_NAME` varchar(32) DEFAULT NULL,
  `LOG_KEY_FIELD_NAME` varchar(20) DEFAULT NULL,
  `MAPPING` varchar(256) DEFAULT NULL,
  `REQUEST_LOG` int(1) DEFAULT NULL,
  `STATUS` int(1) DEFAULT NULL,
  PRIMARY KEY (`FUNCTION_ID`)
) ENGINE=InnoDB DEFAULT CHARSET=utf8;

-- ----------------------------
--  Table structure for `tbl_system_log_matter`
-- ----------------------------
DROP TABLE IF EXISTS `tbl_system_log_matter`;
CREATE TABLE `tbl_system_log_matter` (
  `LOG_ID` varchar(32) NOT NULL,
  `USER_ID` varchar(32) DEFAULT NULL,
  `LOG_KEY_VALUE` varchar(64) DEFAULT NULL,
  `UUID` varchar(64) DEFAULT NULL,
  `APP_ID` varchar(16) DEFAULT NULL,
  `FUNCTION_ID` varchar(64) DEFAULT NULL,
  `FUNCTION_NAME` varchar(64) DEFAULT NULL,
  `REQUEST_INFO` varchar(4096) DEFAULT NULL,
  `RESULT_CODE` varchar(6) DEFAULT NULL,
  `RESULT_MSG` varchar(256) DEFAULT NULL,
  `MAPPING` varchar(256) DEFAULT NULL,
  `EXCUTE_TIME` varchar(10) DEFAULT NULL,
  `CREATE_DATE` varchar(19) DEFAULT NULL,
  `CREATE_TIME` varchar(19) DEFAULT NULL,
  PRIMARY KEY (`LOG_ID`)
) ENGINE=InnoDB DEFAULT CHARSET=utf8;

-- ----------------------------
--  Table structure for `tbl_util_seq`
-- ----------------------------
DROP TABLE IF EXISTS `tbl_util_seq`;
CREATE TABLE `tbl_util_seq` (
  `SEQ_NAME` varchar(32) NOT NULL DEFAULT '',
  `SEQ_VALUE` int(11) DEFAULT NULL,
  `VERSION` int(11) DEFAULT NULL,
  PRIMARY KEY (`SEQ_NAME`)
) ENGINE=InnoDB DEFAULT CHARSET=utf8;

-- ----------------------------
--  Table structure for `tbl_uuid_keypair`
-- ----------------------------
DROP TABLE IF EXISTS `tbl_uuid_keypair`;
CREATE TABLE `tbl_uuid_keypair` (
  `UUID` varchar(64) NOT NULL DEFAULT '',
  `KEY_TYPE` varchar(10) NOT NULL DEFAULT '',
  `PUBLIC_KEY` varchar(512) DEFAULT NULL,
  `PRIVATE_KEY` varchar(2048) DEFAULT NULL,
  `KEY_VERSION` varchar(20) DEFAULT NULL,
  `VERSION` int(11) DEFAULT NULL,
  PRIMARY KEY (`UUID`,`KEY_TYPE`)
) ENGINE=InnoDB DEFAULT CHARSET=utf8;

-- ----------------------------
--  Records 
-- ----------------------------
INSERT INTO `tbl_login_app_info` VALUES ('1000','聚钱包',NULL,'1','1','1','1','1','http://localhost:8080/webauth/app/appInfo/doTest','MIGfMA0GCSqGSIb3DQEBAQUAA4GNADCBiQKBgQCburMmm/OZD1xO4dwLZK5Mon65SWze66Y5z30fxy1M8lIUrR5s3ZzO7YJfjRRZQdCjrwRENhqe0aBdmYypN/tocHZ5nvL9HHZ1fmb7X2j1PGgAP559XVAOlh2waQwPkXn5vAUXSkFoRRNlBaWAocrmLPyi5ZdgxmUXE6jspG4EaQIDAQAB','1','20180619110302','1'), ('100009','中国人民解放军','550e1bafe077ff0b0b67f4e32f29d751','20','9','6','3','1','dsakljfdasjjdflsa','MIGfMA0GCSqGSIb3DQEBAQUAA4GNADCBiQKBgQCburMmm/OZD1xO4dwLZK5Mon65SWze66Y5z30fxy1M8lIUrR5s3ZzO7YJfjRRZQdCjrwRENhqe0aBdmYypN/tocHZ5nvL9HHZ1fmb7X2j1PGgAP559XVAOlh2waQwPkXn5vAUXSkFoRRNlBaWAocrmLPyi5ZdgxmUXE6jspG4EaQIDAQAB','1','20180619141451','1');
INSERT INTO `tbl_login_user_account` VALUES ('100000','zhangmi','13355667799','zhangmi@163.com','14e1b600b1fd579f47433b88e8d85291','1',NULL,NULL,NULL,NULL,NULL,'20'), ('100001',NULL,'13355667788',NULL,'14e1b600b1fd579f47433b88e8d85291','1',NULL,NULL,NULL,NULL,NULL,'1'), ('100002',NULL,'13355667789',NULL,'14e1b600b1fd579f47433b88e8d85291','1',NULL,NULL,NULL,NULL,NULL,'1'), ('100018',NULL,'13355667766','zhangmi@1631.com','14e1b600b1fd579f47433b88e8d85291','1',NULL,NULL,NULL,NULL,NULL,'8'), ('100063',NULL,'13355667785','13355667785@163.com','14e1b600b1fd579f47433b88e8d85291','1',NULL,NULL,NULL,NULL,NULL,'1'), ('100111',NULL,'13355667777','yangmi@126.com','14e1b600b1fd579f47433b88e8d85291','1','0','111122223333444455556666777788889999','20180621000821','20180621000138','20180621000138','8');
INSERT INTO `tbl_login_user_token` VALUES ('100001','100018','1000',NULL,'1','nJwNgXeuwnQZsFfu','20180617101312','0','20180616101312','1'), ('100002','100018','1000',NULL,'1','aootevVJhMweQatT','20180617101444','0','20180616101444','1'), ('100003','100018','1000',NULL,'1','aULfaOfDgWUYDScG','20180615102047','0','20180614102047','1'), ('100004','100018','1000',NULL,'1','UJFFUvauOcUEOWkN','20180615102049','0','20180614102049','1'), ('100005','100018','1000',NULL,'1','HFxOPQaAYqlhBAjO','20180617102228','0','20180616102228','1'), ('100006','100018','1000',NULL,'1','YykmACdlNcRtCGzU','20180617102425','0','20180616102425','1'), ('100007','100018','1000',NULL,'1','lArlrGyaPnAXATwt','20180617102431','0','20180616102431','1'), ('100008','100018','1000',NULL,'2','dBVsUrPMyfdRzntT','20180617102439','0','20180616102439','1'), ('100009','100018','1000',NULL,'2','cTuYOdMGiODdbBEV','20180617102444','0','20180616102444','1'), ('100010','100018','1000',NULL,'3','pdwbCqAGUwNeIwsL','20180617102450','0','20180616102450','1'), ('100013','100018','1000',NULL,'3','HOrRQcpQPDvbvTLS','20180617104848','0','20180616104848','1'), ('100014','100018','1000',NULL,'3','eRUQtLgBiAXuwQne','20180617105236','0','20180616105236','1'), ('100015','100018','1000',NULL,'3','xylGtUeGfzPmGiGc','20180617111532','0','20180616111532','1'), ('100016','100018','1000',NULL,'3','ioFtQkmGERdUatyu','20180617111925','0','20180616111925','1'), ('100017','100018','1000',NULL,'3','iQyIFhGLYqynkeXi','20180617111955','0','20180616111955','1'), ('100018','100018','1000',NULL,'3','ImPtvzffXiODYePT','20180617112311','0','20180616112311','1'), ('100019','100018','1000',NULL,'3','BaeRhuYhstDqgfqv','20180617112559','0','20180616112559','1'), ('100020','100018','1000',NULL,'2','csYHfmNUKAcrcKOU','20180617112639','0','20180616112639','1'), ('100021','100018','1000',NULL,'3','RFLIfdRnwWvuvAxZ','20180617112712','0','20180616112712','1'), ('100022','100018','1000',NULL,'3','yYqClJHyVsJIotNP','20180617112846','0','20180616112846','1'), ('100023','100018','1000',NULL,'2','KPhHwgCkgSfYkLCv','20180617112901','0','20180616112901','1'), ('100024','100018','1000',NULL,'2','pGAAbSwNGTTwGvSA','20180617112933','0','20180616112933','1'), ('100025','100018','1000',NULL,'2','EfMGbWODGyNNgxVG','20180617112950','0','20180616112950','1'), ('100026','100018','1000',NULL,'3','PKfFDnGcwYfoGeSl','20180617113017','0','20180616113017','1'), ('100027','100018','1000',NULL,'1','OnWphBrfsrsdFHPR','20180617113037','0','20180616113037','1'), ('100028','100018','1000',NULL,'1','xtHUXQhUWCvLxvZU','20180617113215','0','20180616113215','1'), ('100029','100018','1000',NULL,'2','UPtWoiNqMZgxaSSs','20180617113305','0','20180616113305','1'), ('100030','100018','1000',NULL,'3','jwLAbMvyfKixaXWq','20180617113318','0','20180616113318','1'), ('100031','100018','1000',NULL,'3','zJaaGCiVtwsrssRP','20180617135250','0','20180616135250','1'), ('100032','100018','1000',NULL,'3','pgIaTpZtftpBhCBg','20180617135910','0','20180616135910','1'), ('100033','100018','1000',NULL,'3','ZQpXWQQMIwUjqUgI','20180617140257','0','20180616140257','1'), ('100034','100018','1000',NULL,'3','vSTtuzYaHoQoXxGc','20180617140737','0','20180616140737','1'), ('100035','100018','1000',NULL,'3','phhhuLrLTPyoJtVJ','20180617141146','0','20180616141146','1'), ('100036','100018','1000',NULL,'3','QykKzrceWGuSvpjk','20180617142114','0','20180616142114','1'), ('100037','100018','1000',NULL,'3','JhlrYTSBvLluaWqZ','20180617143245','0','20180616143245','1'), ('100038','100018','1000',NULL,'3','BEkkdeDArjutlZgh','20180617171140','0','20180616171140','1'), ('100039','100018','1000',NULL,'3','taaXqGXsPLMTePbf','20180618041821','0','20180617041821','1'), ('100040','100018','1000',NULL,'3','reveynWmanVyAzqs','20180618041945','0','20180617041945','1'), ('100041','100018','1000',NULL,'3','NnCnkZgAmNnfxgXE','20180618042115','0','20180617042115','1'), ('100042','100018','1000',NULL,'3','HiACORrSEjfgqkcM','20180618042159','0','20180617042159','1'), ('100043','100018','1000',NULL,'3','EQGrrmabzxxxUKtP','20180618042325','0','20180617042325','1'), ('100044','100018','1000',NULL,'3','dyCMtUQByFxDZTJl','20180618042355','0','20180617042355','1'), ('100045','100018','1000',NULL,'3','jRcdjiAITaXVabbR','20180618042541','0','20180617042541','1'), ('100046','100018','1000',NULL,'3','mCAAbfcJGNYSkXJq','20180618050639','0','20180617050639','1'), ('100047','100018','1000',NULL,'3','gIqdcWSKBrvNDdSW','20180618050749','0','20180617050749','1'), ('100048','100018','1000',NULL,'3','ndCdexwLwvFyMNpg','20180618103617','0','20180617103617','1'), ('100049','100018','1000',NULL,'3','xGLGtziSjCCLsqHN','20180618180043','0','20180617180043','1'), ('100050','100018','1000',NULL,'3','dUsJNaqVQEpCSOGr','20180618184858','0','20180617184858','1'), ('100051','100086','1000',NULL,'3','AKHZYMQDVMgGhYOS','20180618220843','0','20180617220843','1'), ('100052','100086','1000',NULL,'3','iSEwuZWyXnAMKtcP','20180618223829','1','20180617223829','1'), ('100053','100018','1000',NULL,'1','eiBtzQeWwWnMmIrA','20180620153943','0','20180619153943','1'), ('100054','100018','1000',NULL,'1','ZyuwBiSULbWFxXFa','20180620154014','0','20180619154014','1'), ('100055','100018','1000',NULL,'1','othElsQFEyhTEmUQ','20180620154150','0','20180619154150','1'), ('100056','100018','1000',NULL,'1','iuULRvySqmEYNcJT','20180620154223','0','20180619154223','1'), ('100057','100018','1000',NULL,'1','NuRKBxshuyJdQZXl','20180620154501','0','20180619154501','1'), ('100058','100018','1000',NULL,'1','gbTYqoEjpVOfcRHN','20180620155021','0','20180619155021','1'), ('100059','100018','1000',NULL,'1','VEryxGjaXDGGwIlV','20180620155247','0','20180619155247','1'), ('100060','100018','1000',NULL,'1','uLIpXQIxqhUdOohe','20180620155914','0','20180619155914','1'), ('100061','100018','1000',NULL,'1','TAgATshUkaCZwBrR','20180620160043','0','20180619160043','1'), ('100062','100018','1000',NULL,'1','qwMBAybGipYPplvZ','20180620160058','0','20180619160058','1'), ('100063','100018','1000',NULL,'1','CcMymiUXaMttizKF','20180620160104','0','20180619160104','2'), ('100064','100018','1000','1000_100018_111122223333444455556666777788889999','1','ludHECluAwLGxyDD','20180623103058','1','20180620103058','1'), ('100065','100111','1000','1000_100111_111122223333444455556666777788889999','1','HMJErzaOMNJSRsxh','20180624000836','1','20180621000836','1');
INSERT INTO `tbl_msg_auth_info` VALUES ('100018','4','13355667780',NULL,'ndCdexwLwvFyMNpg','97455864','20180617110113','0',NULL,'8'), ('100018','5','13355667766',NULL,'xGLGtziSjCCLsqHN','39989276','20180617185945','0',NULL,'19'), ('100018','99','13355667780','5','xGLGtziSjCCLsqHN','82531578','20180617235802','1','JMfTABKz','27'), ('100086','5','13355666699',NULL,'100052','45515417','20180617230808','0',NULL,'2'), ('100086','6','yangyang@163.com',NULL,'100052','30786385','20180618010712','1',NULL,'7'), ('100086','7','yangyang@163.com',NULL,'100052','06721405','20180617231445','0',NULL,'2'), ('100086','99','yangyang@163.com','5','100052','34347588','20180617230300','0','bBagYHIa','2'), ('111122223333444455556666777788889999','1','13355667777',NULL,NULL,'61280659','20180621231137','0',NULL,'2'), ('111122223333444455556666777788889999','3','13355667777',NULL,NULL,'50795244','20180620230841','1',NULL,'3'), ('31258623','2','13355667761',NULL,NULL,'59932178','20180618010638','1',NULL,'5'), ('31258624','2','13355667766',NULL,NULL,'49410990','20180618010547','1',NULL,'3'), ('66778899','1','13311223344',NULL,NULL,'76681555','20180617225905','1',NULL,'9'), ('66778899','2','13355667766',NULL,NULL,'31258624','20180618000412','0',NULL,'4'), ('66778899','3','13355667780',NULL,NULL,'17960537','20180617052319','0',NULL,'3');
INSERT INTO `tbl_msg_funtion_info` VALUES ('1','注册用户','0','0','account','/app/userAccount/doRegister','亲爱的用户，{appName}欢迎你注册。您本次的验证码为:{msgCode}，验证码有效期为{msgValidTime}。','1'), ('2','找回密码','0','0','account','/app/userAccount/doFindPwd','{appName}提醒您正在{msgType}找回密码。您本次的验证码为:{msgCode}，验证码有效期为{msgValidTime}。','1'), ('3','登录操作','0','0','account','/app/userAccount/doLogin','亲爱的用户，{appName}欢迎你登录。您本次的验证码为:{msgCode}，验证码有效期为{msgValidTime}。','1'), ('4','修改密码','1','0',NULL,'/app/userAccount/doModifyPwd','{appName}提醒您正在{msgType}修改密码。您本次的验证码为:{msgCode}，验证码有效期为{msgValidTime}。','1'), ('5','修改手机号','1','1','newMobile','/app/userAccount/doModifyMobile','{appName}提醒您正在{msgTypeEmail}修改手机号。您本次的验证码为:{msgCode}，验证码有效期为{msgValidTime}。','1'), ('6','修改邮箱','1','0',NULL,'/app/userAccount/doModifyEmail','{appName}提醒您正在{msgTypeMobile}修改邮箱。您本次的验证码为:{msgCode}，验证码有效期为{msgValidTime}。','1'), ('7','修改用户名','1','1',NULL,'/app/userAccount/doModifyName','{appName}提醒您正在通过{msgType}修改用户名。您本次的验证码为:{msgCode}，验证码有效期为{msgValidTime}。','1'), ('99','执行变更操作','2','0',NULL,'/app/msg/doGetMsgToken','{appName}提醒您正在执行{msgFunction}操作。您本次的验证码为:{msgCode}，验证码有效期为{msgValidTime}。','1');
INSERT INTO `tbl_msg_send_info` VALUES ('',NULL,'111122223333444455556666777788889999','3','1',NULL,'13355667766','87006763','亲爱的用户，浙江盛炬支付欢迎你登录。您本次的验证码为:87006763，验证码有效期为16分钟。','20180620211556','0','20180620','20180620205956'), ('100000','123213',NULL,'1','1','029331349341650','13738085782','34836455','亲爱的用户，浙江盛炬支付欢迎你注册。您本次的验证码为:34836455，验证码有效期为16分钟。','20180614135646','0','20180614','20180614134046'), ('100001','123213',NULL,'1','1','82250511423332','13738085782','76144499','亲爱的用户，浙江盛炬支付欢迎你注册。您本次的验证码为:76144499，验证码有效期为16分钟。','20180614135728','0','20180614','20180614134128'), ('100002','123213',NULL,'1','1','1846013518932','13738085782','05933410','亲爱的用户，浙江盛炬支付欢迎你注册。您本次的验证码为:05933410，验证码有效期为16分钟。','20180614140724','0','20180614','20180614135124'), ('100003','123213',NULL,'1','1','1222420928367','13738085782','10987369','亲爱的用户，浙江盛炬支付欢迎你注册。您本次的验证码为:10987369，验证码有效期为16分钟。','20180614140840','0','20180614','20180614135240'), ('100004','123213',NULL,'1','1','44092313161819','13738085782','55120053','亲爱的用户，浙江盛炬支付欢迎你注册。您本次的验证码为:55120053，验证码有效期为16分钟。','20180614141235','0','20180614','20180614135635'), ('100005','123213',NULL,'1','1','314135104683619','13738085782','25611039','亲爱的用户，浙江盛炬支付欢迎你注册。您本次的验证码为:25611039，验证码有效期为16分钟。','20180614141306','0','20180614','20180614135706'), ('100006','123213',NULL,'1','1','20417453164219','13738085782','18988463','亲爱的用户，浙江盛炬支付欢迎你注册。您本次的验证码为:18988463，验证码有效期为16分钟。','20180614141355','0','20180614','20180614135755'), ('100007','123213',NULL,'1','1','10741234304736','13738085782','87031849','亲爱的用户，浙江盛炬支付欢迎你注册。您本次的验证码为:87031849，验证码有效期为16分钟。','20180614141942','0','20180614','20180614140342'), ('100008','123213',NULL,'1','1','4473204451734','13738085782','86927528','亲爱的用户，浙江盛炬支付欢迎你注册。您本次的验证码为:86927528，验证码有效期为16分钟。','20180614142108','0','20180614','20180614140508'), ('100009','123213',NULL,'1','1','13164613645160','13738085782','66077297','亲爱的用户，浙江盛炬支付欢迎你注册。您本次的验证码为:66077297，验证码有效期为16分钟。','20180614195449','0','20180614','20180614193849'), ('100010','123213',NULL,'1','1','175303831192210','13738085782','17573877','亲爱的用户，浙江盛炬支付欢迎你注册。您本次的验证码为:17573877，验证码有效期为16分钟。','20180614205036','0','20180614','20180614203436'), ('100011','123213',NULL,'1','1','50250422001834','13738085782','84470626','亲爱的用户，浙江盛炬支付欢迎你注册。您本次的验证码为:84470626，验证码有效期为16分钟。','20180614205056','0','20180614','20180614203456'), ('100012','123213',NULL,'1','1','1427342144373922','13738085782','24399043','亲爱的用户，浙江盛炬支付欢迎你注册。您本次的验证码为:24399043，验证码有效期为16分钟。','20180614205123','0','20180614','20180614203523'), ('100013','123213',NULL,'1','1','4928223551474915','13738085782','43167008','亲爱的用户，浙江盛炬支付欢迎你注册。您本次的验证码为:43167008，验证码有效期为16分钟。','20180614205317','0','20180614','20180614203717'), ('100014','123213',NULL,'1','1','257393810384023','13738085782','24009959','亲爱的用户，浙江盛炬支付欢迎你注册。您本次的验证码为:24009959，验证码有效期为16分钟。','20180614220403','0','20180614','20180614214803'), ('100015','123213',NULL,'1','1','33501234337528','13738085782','08104372','亲爱的用户，浙江盛炬支付欢迎你注册。您本次的验证码为:08104372，验证码有效期为16分钟。','20180614220426','0','20180614','20180614214826'), ('100016','123213',NULL,'1','1','335146123914144','13738085782','35336429','亲爱的用户，浙江盛炬支付欢迎你注册。您本次的验证码为:35336429，验证码有效期为16分钟。','20180614221630','0','20180614','20180614220030'), ('100019','123213',NULL,'1','1','3839432337192314','13738085782','25711024','亲爱的用户，浙江盛炬支付欢迎你注册。您本次的验证码为:25711024，验证码有效期为16分钟。','20180615000801','0','20180614','20180614235201'), ('100020','100018',NULL,'1','1','rmSMmKlG','13738085782','50985401','亲爱的用户，浙江盛炬支付欢迎你注册。您本次的验证码为:50985401，验证码有效期为16分钟。','20180616145918','0','20180616','20180616144318'), ('100021','100018',NULL,'1','1','bpfToazp','13738085782','97516809','亲爱的用户，浙江盛炬支付欢迎你注册。您本次的验证码为:97516809，验证码有效期为16分钟。','20180616154107','0','20180616','20180616152507'), ('100022','100018',NULL,'1','1','UFaFbMnJ','13738085782','16922504','亲爱的用户，浙江盛炬支付欢迎你注册。您本次的验证码为:16922504，验证码有效期为16分钟。','20180616154652','0','20180616','20180616153052'), ('100023','100018',NULL,'1','1','GbcGezCu','13738085782','65403488','亲爱的用户，浙江盛炬支付欢迎你注册。您本次的验证码为:65403488，验证码有效期为16分钟。','20180616154742','0','20180616','20180616153142'), ('100024','100018',NULL,'1','1','VqmVDSZy','13738085782','19325689','亲爱的用户，浙江盛炬支付欢迎你注册。您本次的验证码为:19325689，验证码有效期为16分钟。','20180616154750','0','20180616','20180616153150'), ('100025','100018',NULL,'1','1','jFWSTkiB','13738085782','87109828','亲爱的用户，浙江盛炬支付欢迎你注册。您本次的验证码为:87109828，验证码有效期为16分钟。','20180616155005','0','20180616','20180616153405'), ('100026','100018',NULL,'1','1','dJiIwHUg','13738085782','70879666','亲爱的用户，浙江盛炬支付欢迎你注册。您本次的验证码为:70879666，验证码有效期为16分钟。','20180616155143','0','20180616','20180616153543'), ('100027','100018',NULL,'1','1','yHNNiEAR','13738085782','08868152','亲爱的用户，浙江盛炬支付欢迎你注册。您本次的验证码为:08868152，验证码有效期为16分钟。','20180616155310','0','20180616','20180616153710'), ('100028','100018',NULL,'1','1','oxHSxzwc','13738085782','47526797','亲爱的用户，浙江盛炬支付欢迎你注册。您本次的验证码为:47526797，验证码有效期为16分钟。','20180616155314','0','20180616','20180616153714'), ('100029','100018',NULL,'1','1','QECSbAvk','13738085782','01293801','亲爱的用户，浙江盛炬支付欢迎你注册。您本次的验证码为:01293801，验证码有效期为16分钟。','20180616160900','0','20180616','20180616155300'), ('100030','100018',NULL,'1','1','DYVwticd','13738085782','94369420','亲爱的用户，浙江盛炬支付欢迎你注册。您本次的验证码为:94369420，验证码有效期为16分钟。','20180616160904','0','20180616','20180616155304'), ('100031','100018',NULL,'1','1','zJUhHuBT','13738085782','47949465','亲爱的用户，浙江盛炬支付欢迎你注册。您本次的验证码为:47949465，验证码有效期为16分钟。','20180616172806','0','20180616','20180616171206'), ('100032','100018',NULL,'1','1','PTzEuUMM','13738085782','20411035','亲爱的用户，浙江盛炬支付欢迎你注册。您本次的验证码为:20411035，验证码有效期为16分钟。','20180616234635','0','20180616','20180616233035'), ('100033','100018',NULL,'1','1','CBDeaGUv','13738085782','55748492','亲爱的用户，浙江盛炬支付欢迎你注册。您本次的验证码为:55748492，验证码有效期为16分钟。','20180616234652','0','20180616','20180616233052'), ('100034','100018',NULL,'1','1','SnjboBlT','13738085782','95367618','亲爱的用户，浙江盛炬支付欢迎你注册。您本次的验证码为:95367618，验证码有效期为16分钟。','20180617003000','0','20180617','20180617001400'), ('100035','100018',NULL,'3','1','nEbeTyiK','13738085782','38615289','浙江盛炬支付提醒您正在修改手机号。您本次的验证码为:38615289，验证码有效期为16分钟。','20180617003844','0','20180617','20180617002244'), ('100036','100018',NULL,'3','1','XdglygGh','13738085782','81630985','浙江盛炬支付提醒您正在修改手机号。您本次的验证码为:81630985，验证码有效期为16分钟。','20180617005140','0','20180617','20180617003540'), ('100037','100018',NULL,'4','1','cfqAExCX','13738085782','92459961','浙江盛炬支付提醒您正在通过手机修改邮箱。您本次的验证码为:92459961，验证码有效期为16分钟。','20180617005156','0','20180617','20180617003556'), ('100038','100018',NULL,'4','1',NULL,'13355667780','28434651','浙江盛炬支付提醒您正在通过手机修改邮箱。您本次的验证码为:28434651，验证码有效期为16分钟。','20180617024954','0','20180617','20180617023354'), ('100039','100018',NULL,'4','1',NULL,'13355667780','31372337','浙江盛炬支付提醒您正在通过手机修改邮箱。您本次的验证码为:31372337，验证码有效期为16分钟。','20180617025319','0','20180617','20180617023719'), ('100040','100018',NULL,'99','1',NULL,'13355667780','37040278','浙江盛炬支付提醒您正在执行/userInfo/doGetModifyToken操作。您本次的验证码为:37040278，验证码有效期为16分钟。','20180617025919','0','20180617','20180617024319'), ('100041','100018',NULL,'99','1',NULL,'13355667780','87361962','浙江盛炬支付提醒您正在执行/userInfo/doGetModifyToken操作。您本次的验证码为:87361962，验证码有效期为16分钟。','20180617030058','0','20180617','20180617024458'), ('100042','100018',NULL,'99','1','yDRfYFCv','13355667780','64934235','浙江盛炬支付提醒您正在执行/userInfo/doGetModifyToken操作。您本次的验证码为:64934235，验证码有效期为16分钟。','20180617030856','0','20180617','20180617025256'), ('100043','100018',NULL,'99','1','eTHIbPgz','13355667780','02524937','浙江盛炬支付提醒您正在执行/userInfo/doGetModifyToken操作。您本次的验证码为:02524937，验证码有效期为16分钟。','20180617030912','0','20180617','20180617025312'), ('100044','100018',NULL,'99','1','fLtQhyQL','13355667780','09153206','浙江盛炬支付提醒您正在执行/userInfo/doGetModifyToken操作。您本次的验证码为:09153206，验证码有效期为16分钟。','20180617031024','0','20180617','20180617025424'), ('100045','100018',NULL,'99','1','kBPOrlMV','13355667780','96378392','浙江盛炬支付提醒您正在执行/userInfo/doGetModifyToken操作。您本次的验证码为:96378392，验证码有效期为16分钟。','20180617044415','0','20180617','20180617042815'), ('100046','100018',NULL,'99','1','ngoAtryt','13355667780','52070926','浙江盛炬支付提醒您正在执行/userInfo/doGetModifyToken操作。您本次的验证码为:52070926，验证码有效期为16分钟。','20180617044804','0','20180617','20180617043204'), ('100047','100018',NULL,'99','1','bjKVYvHj','13355667780','36544345','浙江盛炬支付提醒您正在执行/userInfo/doGetModifyToken操作。您本次的验证码为:36544345，验证码有效期为16分钟。','20180617044934','0','20180617','20180617043334'), ('100048','100018',NULL,'99','1','WkZJcZHr','13355667780','85784890','浙江盛炬支付提醒您正在执行/userInfo/doGetModifyToken操作。您本次的验证码为:85784890，验证码有效期为16分钟。','20180617045020','0','20180617','20180617043420'), ('100049',NULL,NULL,'3','1',NULL,'13355667780','19779428','亲爱的用户，浙江盛炬支付欢迎你登录。您本次的验证码为:19779428，验证码有效期为16分钟。','20180617052125','0','20180617','20180617050525'), ('100050',NULL,NULL,'3','1',NULL,'13355667780','17960537','亲爱的用户，浙江盛炬支付欢迎你登录。您本次的验证码为:17960537，验证码有效期为16分钟。','20180617052319','0','20180617','20180617050719'), ('100051','100018',NULL,'4','1',NULL,'13355667780','29747504','浙江盛炬支付提醒您正在通过手机修改密码。您本次的验证码为:29747504，验证码有效期为16分钟。','20180617105852','0','20180617','20180617104252'), ('100052','100018',NULL,'4','1',NULL,'13355667780','41066232','浙江盛炬支付提醒您正在通过手机修改密码。您本次的验证码为:41066232，验证码有效期为16分钟。','20180617105920','0','20180617','20180617104320'), ('100053','100018',NULL,'4','1',NULL,'13355667780','16848089','浙江盛炬支付提醒您正在通过手机修改密码。您本次的验证码为:16848089，验证码有效期为16分钟。','20180617110034','0','20180617','20180617104434'), ('100054','100018',NULL,'4','1',NULL,'13355667780','97455864','浙江盛炬支付提醒您正在通过手机修改密码。您本次的验证码为:97455864，验证码有效期为16分钟。','20180617110113','0','20180617','20180617104513'), ('100055','100018',NULL,'5','1',NULL,'13355667780','17266627','浙江盛炬支付提醒您正在修改手机号。您本次的验证码为:17266627，验证码有效期为16分钟。','20180617152909','0','20180617','20180617151309'), ('100056','100018',NULL,'5','1',NULL,'13355667799','68064596','浙江盛炬支付提醒您正在修改手机号。您本次的验证码为:68064596，验证码有效期为16分钟。','20180617154142','0','20180617','20180617152542'), ('100057','100018',NULL,'5','1',NULL,'13355667799','57437898','浙江盛炬支付提醒您正在修改手机号。您本次的验证码为:57437898，验证码有效期为16分钟。','20180617154251','0','20180617','20180617152651'), ('100058','100018',NULL,'5','1',NULL,'13355667799','84664458','浙江盛炬支付提醒您正在修改手机号。您本次的验证码为:84664458，验证码有效期为16分钟。','20180617154351','0','20180617','20180617152751'), ('100059','100018',NULL,'5','1',NULL,'13355667799','38982703','浙江盛炬支付提醒您正在修改手机号。您本次的验证码为:38982703，验证码有效期为16分钟。','20180617154519','0','20180617','20180617152919'), ('100060',NULL,NULL,'1','1',NULL,'13355667780','34019862','亲爱的用户，浙江盛炬支付欢迎你注册。您本次的验证码为:34019862，验证码有效期为16分钟。','20180617162553','0','20180617','20180617160953'), ('100061',NULL,NULL,'1','1',NULL,'13355667780','09267601','亲爱的用户，浙江盛炬支付欢迎你注册。您本次的验证码为:09267601，验证码有效期为16分钟。','20180617162756','0','20180617','20180617161156'), ('100062',NULL,NULL,'1','1',NULL,'13355667785','35643981','亲爱的用户，浙江盛炬支付欢迎你注册。您本次的验证码为:35643981，验证码有效期为16分钟。','20180617162845','0','20180617','20180617161245'), ('100064','100018',NULL,'5','1',NULL,'13355667780','55832097','浙江盛炬支付提醒您正在修改手机号。您本次的验证码为:55832097，验证码有效期为16分钟。','20180617174748','0','20180617','20180617173148'), ('100065','100018',NULL,'5','1',NULL,'13355667780','53180782','浙江盛炬支付提醒您正在修改手机号。您本次的验证码为:53180782，验证码有效期为16分钟。','20180617174856','0','20180617','20180617173256'), ('100066','100018',NULL,'5','1',NULL,'13355667780','97458488','浙江盛炬支付提醒您正在修改手机号。您本次的验证码为:97458488，验证码有效期为16分钟。','20180617174939','0','20180617','20180617173339'), ('100067','100018',NULL,'5','1',NULL,'13355667780','41449564','浙江盛炬支付提醒您正在修改手机号。您本次的验证码为:41449564，验证码有效期为16分钟。','20180617175258','0','20180617','20180617173658'), ('100068','100018',NULL,'99','1','bkvoWTgu','13355667780','83804673','浙江盛炬支付提醒您正在执行/app/msg/doGetMsgToken操作。您本次的验证码为:83804673，验证码有效期为16分钟。','20180617175318','0','20180617','20180617173718'), ('100069','100018',NULL,'5','1',NULL,'13355667780','08010616','浙江盛炬支付提醒您正在修改手机号。您本次的验证码为:08010616，验证码有效期为16分钟。','20180617175350','0','20180617','20180617173750'), ('100070','100018',NULL,'5','1',NULL,'13355667780','75669604','浙江盛炬支付提醒您正在修改手机号。您本次的验证码为:75669604，验证码有效期为16分钟。','20180617175510','0','20180617','20180617173910'), ('100071','100018',NULL,'5','1',NULL,'13355667780','32972701','浙江盛炬支付提醒您正在修改手机号。您本次的验证码为:32972701，验证码有效期为16分钟。','20180617175650','0','20180617','20180617174050'), ('100072','100018',NULL,'99','1','nLKTAadr','13355667780','16224980','浙江盛炬支付提醒您正在执行/app/msg/doGetMsgToken操作。您本次的验证码为:16224980，验证码有效期为16分钟。','20180617180027','0','20180617','20180617174427'), ('100073','100018',NULL,'99','1','UYwJxudH','13355667780','18795993','浙江盛炬支付提醒您正在执行/app/msg/doGetMsgToken操作。您本次的验证码为:18795993，验证码有效期为16分钟。','20180617180537','0','20180617','20180617174937'), ('100074','100018',NULL,'99','1','ILAEwGkJ','13355667780','47486568','浙江盛炬支付提醒您正在执行/app/msg/doGetMsgToken操作。您本次的验证码为:47486568，验证码有效期为16分钟。','20180617180717','0','20180617','20180617175117'), ('100075','100018',NULL,'99','1','OarQiYvF','13355667780','81758642','浙江盛炬支付提醒您正在执行/app/msg/doGetMsgToken操作。您本次的验证码为:81758642，验证码有效期为16分钟。','20180617180742','0','20180617','20180617175142'), ('100076','100018',NULL,'99','1','StlRomSW','13355667780','45677096','浙江盛炬支付提醒您正在执行/app/msg/doGetMsgToken操作。您本次的验证码为:45677096，验证码有效期为16分钟。','20180617180854','0','20180617','20180617175254'), ('100077','100018',NULL,'99','1','eEGoLIEg','13355667780','57080877','浙江盛炬支付提醒您正在执行/app/msg/doGetMsgToken操作。您本次的验证码为:57080877，验证码有效期为16分钟。','20180617180952','0','20180617','20180617175352'), ('100078','100018',NULL,'99','1','EoXNJtiW','13355667780','50458297','浙江盛炬支付提醒您正在执行/app/msg/doGetMsgToken操作。您本次的验证码为:50458297，验证码有效期为16分钟。','20180617181043','0','20180617','20180617175443'), ('100079','100018',NULL,'99','1','AZUzLLCg','13355667780','99265607','浙江盛炬支付提醒您正在执行/app/msg/doGetMsgToken操作。您本次的验证码为:99265607，验证码有效期为16分钟。','20180617181447','0','20180617','20180617175847'), ('100080','100018',NULL,'99','1','gSQCrJrd','13355667780','89752842','浙江盛炬支付提醒您正在执行/app/msg/doGetMsgToken操作。您本次的验证码为:89752842，验证码有效期为16分钟。','20180617181714','0','20180617','20180617180114'), ('100081','100018',NULL,'99','1','prMjKRbg','13355667780','52125186','浙江盛炬支付提醒您正在执行/app/msg/doGetMsgToken操作。您本次的验证码为:52125186，验证码有效期为16分钟。','20180617181811','0','20180617','20180617180211'), ('100082','100018',NULL,'99','1','hMBXAZBP','13355667780','10448165','浙江盛炬支付提醒您正在执行/app/msg/doGetMsgToken操作。您本次的验证码为:10448165，验证码有效期为16分钟。','20180617181947','0','20180617','20180617180347'), ('100083','100018',NULL,'99','1','JMfTABKz','13355667780','82531578','浙江盛炬支付提醒您正在执行/app/msg/doGetMsgToken操作。您本次的验证码为:82531578，验证码有效期为16分钟。','20180617185802','0','20180617','20180617184202'), ('100084','100018',NULL,'5','1',NULL,'13355667766','39989276','浙江盛炬支付提醒您正在修改手机号。您本次的验证码为:39989276，验证码有效期为16分钟。','20180617185945','0','20180617','20180617184345'), ('100085','66778899',NULL,'1','1',NULL,'13311223344','95247846','亲爱的用户，浙江盛炬支付欢迎你注册。您本次的验证码为:95247846，验证码有效期为16分钟。','20180617222146','0','20180617','20180617220546'), ('100087','66778899',NULL,'1','1',NULL,'13311223344','76681555','亲爱的用户，浙江盛炬支付欢迎你注册。您本次的验证码为:76681555，验证码有效期为16分钟。','20180617225905','0','20180617','20180617224305'), ('100088','100086',NULL,'99','2','AEoSntfQ','yangyang@163.com','30302112','浙江盛炬支付提醒您正在执行/app/msg/doGetMsgToken操作。您本次的验证码为:30302112，验证码有效期为16分钟。','20180617230206','0','20180617','20180617224606'), ('100089','100086',NULL,'99','2','bBagYHIa','yangyang@163.com','34347588','浙江盛炬支付提醒您正在执行/app/msg/doGetMsgToken操作。您本次的验证码为:34347588，验证码有效期为16分钟。','20180617230300','0','20180617','20180617224700'), ('100090','100086',NULL,'5','1',NULL,'13355666699','45515417','浙江盛炬支付提醒您正在修改手机号。您本次的验证码为:45515417，验证码有效期为16分钟。','20180617230808','0','20180617','20180617225208'), ('100091','100086',NULL,'7','2',NULL,'yangyang@163.com','06721405','浙江盛炬支付提醒您正在通过通过邮箱修改用户名。您本次的验证码为:06721405，验证码有效期为16分钟。','20180617231445','0','20180617','20180617225845'), ('100092','100086',NULL,'6','2',NULL,'yangyang@163.com','31005659','浙江盛炬支付提醒您正在修改邮箱。您本次的验证码为:31005659，验证码有效期为16分钟。','20180617231806','0','20180617','20180617230206'), ('100093','100086',NULL,'6','2',NULL,'yangyang@163.com','85988672','浙江盛炬支付提醒您正在修改邮箱。您本次的验证码为:85988672，验证码有效期为16分钟。','20180618000021','0','20180617','20180617234421'), ('100094','100086',NULL,'6','2',NULL,'yangyang@163.com','90358623','浙江盛炬支付提醒您正在修改邮箱。您本次的验证码为:90358623，验证码有效期为16分钟。','20180618000135','0','20180617','20180617234535'), ('100095','66778899',NULL,'2','1',NULL,'13311223344','52397694','浙江盛炬支付提醒您正在通过手机找回密码。您本次的验证码为:52397694，验证码有效期为16分钟。','20180618000256','0','20180617','20180617234656'), ('100096','66778899',NULL,'2','1',NULL,'13355667766','31258624','浙江盛炬支付提醒您正在通过手机找回密码。您本次的验证码为:31258624，验证码有效期为16分钟。','20180618000412','0','20180617','20180617234812'), ('100097','31258624',NULL,'2','1',NULL,'13355667766','73108735','浙江盛炬支付提醒您正在通过手机找回密码。您本次的验证码为:73108735，验证码有效期为16分钟。','20180618000433','0','20180617','20180617234833'), ('100098',NULL,'31258624','2','1',NULL,'13355667766','01511084','浙江盛炬支付提醒您正在通过手机找回密码。您本次的验证码为:01511084，验证码有效期为16分钟。','20180618010537','0','20180618','20180618004937'), ('100099',NULL,'31258624','2','1',NULL,'13355667766','75020468','浙江盛炬支付提醒您正在通过手机找回密码。您本次的验证码为:75020468，验证码有效期为16分钟。','20180618010542','0','20180618','20180618004942'), ('100100',NULL,'31258624','2','1',NULL,'13355667766','49410990','浙江盛炬支付提醒您正在通过手机找回密码。您本次的验证码为:49410990，验证码有效期为16分钟。','20180618010547','0','20180618','20180618004947'), ('100101',NULL,'31258623','2','1',NULL,'13355667766','30329066','浙江盛炬支付提醒您正在通过手机找回密码。您本次的验证码为:30329066，验证码有效期为16分钟。','20180618010611','0','20180618','20180618005011'), ('100102',NULL,'31258623','2','1',NULL,'13355667766','51392890','浙江盛炬支付提醒您正在通过手机找回密码。您本次的验证码为:51392890，验证码有效期为16分钟。','20180618010617','0','20180618','20180618005017');
INSERT INTO `tbl_msg_send_info` VALUES ('100103',NULL,'31258623','2','1',NULL,'13355667766','31629548','浙江盛炬支付提醒您正在通过手机找回密码。您本次的验证码为:31629548，验证码有效期为16分钟。','20180618010622','0','20180618','20180618005022'), ('100104',NULL,'31258623','2','1',NULL,'13355667766','50586283','浙江盛炬支付提醒您正在通过手机找回密码。您本次的验证码为:50586283，验证码有效期为16分钟。','20180618010625','0','20180618','20180618005025'), ('100105',NULL,'31258623','2','1',NULL,'13355667766','91193215','浙江盛炬支付提醒您正在通过手机找回密码。您本次的验证码为:91193215，验证码有效期为16分钟。','20180618010629','0','20180618','20180618005029'), ('100106',NULL,'31258623','2','1',NULL,'13355667761','59932178','浙江盛炬支付提醒您正在通过手机找回密码。您本次的验证码为:59932178，验证码有效期为16分钟。','20180618010638','0','20180618','20180618005038'), ('100107','100086','66778899','6','2',NULL,'yangyang@163.com','90496281','浙江盛炬支付提醒您正在修改邮箱。您本次的验证码为:90496281，验证码有效期为16分钟。','20180618010700','0','20180618','20180618005100'), ('100108','100086','31258623','6','2',NULL,'yangyang@163.com','30786385','浙江盛炬支付提醒您正在修改邮箱。您本次的验证码为:30786385，验证码有效期为16分钟。','20180618010712','0','20180618','20180618005112'), ('100109',NULL,'111122223333444455556666777788889999','3','1',NULL,'13355667766','21750736','亲爱的用户，浙江盛炬支付欢迎你登录。您本次的验证码为:21750736，验证码有效期为16分钟。','20180620104439','0','20180620','20180620102839'), ('100201',NULL,'111122223333444455556666777788889999','3','1',NULL,'13355667777','50795244','亲爱的用户，浙江盛炬支付欢迎你登录。您本次的验证码为:50795244，验证码有效期为16分钟。','20180620230841','0','20180620','20180620225241'), ('100202',NULL,'111122223333444455556666777788889999','1','1',NULL,'13355667777','61280659','亲爱的用户，浙江盛炬支付欢迎你注册。您本次的验证码为:61280659，验证码有效期为16分钟。','20180620231137','0','20180620','20180620225537'), ('229','123213',NULL,'1','1','66778899','13738085782','943254','亲爱的用户，浙江盛炬支付欢迎你注册。您本次的验证码为:943254，验证码有效期为15分钟。','20180614092137','0','20180614','20180614090637'), ('239','123213',NULL,'1','1','66778899','13738085782','43388537','亲爱的用户，浙江盛炬支付欢迎你注册。您本次的验证码为:43388537，验证码有效期为16分钟。','20180614102423','0','20180614','20180614100823');
INSERT INTO `tbl_system_log` VALUES ('100009','100018','13355667766','111122223333444455556666777788889999','1000','1','用户登录','{\"accountType\":\"1\",\"appId\":\"1000\",\"termType\":\"1\",\"pwdEncrypt\":\"RSAMD5\",\"pwd\":\"La+qPc4wBtYV7hO049c8hYftEBi8TZg2+nvGAKJ91tZxNO1KdMAHx4qQoHmYB+dup8uzVX6M+OBYDqE7Ntnx9hO0WB4CWFbejwLhcFDmS8+7K+D/JLOxT+plUSiYoI61JX2k4r9GpOm+ectXh+1Jt/YLkEOsH/aoTGkqMdlEYYo=\",\"uuid\":\"111122223333444455556666777788889999\",\"account\":\"13355667766\"}','e404','密码错误','app/userAccount/doLogin','300','20180620','20180620222626'), ('100010',NULL,'13355667780','66778899',NULL,'2','用户注册','{\"accountType\":\"1\",\"pwdEncrypt\":\"3DESMD5\",\"pwd\":\"pVur9qlnil013I0TpTn4UJiiqSKwOsQb10FPuJKOSQeDLoYoLp/Q3g==\",\"uuid\":\"66778899\",\"account\":\"13355667780\",\"email\":\"yangmi@163.com\"}','e401','请求参数错误','app/userAccount/doRegister','291','20180620','20180620224958'), ('100011',NULL,'13355667780','66778899','66778899','2','用户注册','{\"accountType\":\"1\",\"appid\":\"66778899\",\"pwdEncrypt\":\"3DESMD5\",\"pwd\":\"pVur9qlnil013I0TpTn4UJiiqSKwOsQb10FPuJKOSQeDLoYoLp/Q3g==\",\"uuid\":\"66778899\",\"account\":\"13355667780\",\"email\":\"yangmi@163.com\"}','e401','请求参数错误','app/userAccount/doRegister','18','20180620','20180620225025'), ('100012',NULL,'13355667780','66778899','66778899','2','用户注册','{\"msgVerifyCode\":\"pVur9qlnil013I0TpTn4UJiiqSKwOsQb10FPuJKOSQeDLoYoLp/Q3g==\",\"accountType\":\"1\",\"appid\":\"66778899\",\"pwdEncrypt\":\"3DESMD5\",\"pwd\":\"pVur9qlnil013I0TpTn4UJiiqSKwOsQb10FPuJKOSQeDLoYoLp/Q3g==\",\"uuid\":\"66778899\",\"account\":\"13355667780\",\"email\":\"yangmi@163.com\"}','e412','你还没有获取短信验证码','app/userAccount/doRegister','32','20180620','20180620225041'), ('100013',NULL,'13355667777','111122223333444455556666777788889999',NULL,'3','发送短信验证码','{\"msgFunction\":\"3\",\"uuid\":\"111122223333444455556666777788889999\",\"msgAddr\":\"13355667777\"}','e499','系统异常','app/msg/doMsgSend','171','20180620','20180620225103'), ('100014',NULL,'13355667777','111122223333444455556666777788889999',NULL,'3','发送短信验证码','{\"msgFunction\":\"3\",\"uuid\":\"111122223333444455556666777788889999\",\"msgAddr\":\"13355667777\"}','e499','系统异常','app/msg/doMsgSend','70','20180620','20180620225143'), ('100015',NULL,'13355667777','111122223333444455556666777788889999',NULL,'3','发送短信验证码','{\"msgFunction\":\"3\",\"uuid\":\"111122223333444455556666777788889999\",\"msgAddr\":\"13355667777\"}','e499','系统异常','app/msg/doMsgSend','58','20180620','20180620225149'), ('100016',NULL,'13355667777','111122223333444455556666777788889999',NULL,'3','发送短信验证码','{\"msgFunction\":\"3\",\"uuid\":\"111122223333444455556666777788889999\",\"msgAddr\":\"13355667777\"}','e499','系统异常','app/msg/doMsgSend','47','20180620','20180620225152'), ('100017',NULL,'13355667777','111122223333444455556666777788889999',NULL,'3','发送短信验证码','{\"msgFunction\":\"3\",\"uuid\":\"111122223333444455556666777788889999\",\"msgAddr\":\"13355667777\"}','e499','系统异常','app/msg/doMsgSend','64','20180620','20180620225156'), ('100018',NULL,'13355667777','111122223333444455556666777788889999',NULL,'3','发送短信验证码','{\"msgFunction\":\"3\",\"uuid\":\"111122223333444455556666777788889999\",\"msgAddr\":\"13355667777\"}','0000','OK','app/msg/doMsgSend','51','20180620','20180620225241'), ('100019',NULL,'13355667780','66778899','66778899','2','用户注册','{\"msgVerifyCode\":\"50795244\",\"accountType\":\"1\",\"appid\":\"66778899\",\"pwdEncrypt\":\"3DESMD5\",\"pwd\":\"YsBMGnr82ySxt82qUk9O3eVRlJDtjF5UQxQoPgdfz3bjLMuY6pZaRg==\",\"uuid\":\"66778899\",\"account\":\"13355667780\",\"email\":\"yangmi@163.com\"}','e412','你还没有获取短信验证码','app/userAccount/doRegister','15','20180620','20180620225429'), ('100020',NULL,'13355667777','111122223333444455556666777788889999','66778899','2','用户注册','{\"msgVerifyCode\":\"50795244\",\"accountType\":\"1\",\"appid\":\"66778899\",\"pwdEncrypt\":\"3DESMD5\",\"pwd\":\"YsBMGnr82ySxt82qUk9O3eVRlJDtjF5UQxQoPgdfz3bjLMuY6pZaRg==\",\"uuid\":\"111122223333444455556666777788889999\",\"account\":\"13355667777\",\"email\":\"yangmi@126.com\"}','e412','你还没有获取短信验证码','app/userAccount/doRegister','14','20180620','20180620225508'), ('100021',NULL,'13355667777','111122223333444455556666777788889999',NULL,'3','发送短信验证码','{\"msgFunction\":\"1\",\"uuid\":\"111122223333444455556666777788889999\",\"msgAddr\":\"13355667777\"}','0000','OK','app/msg/doMsgSend','48','20180620','20180620225537'), ('100022','100110','13355667777','111122223333444455556666777788889999','66778899','2','用户注册','{\"msgVerifyCode\":\"61280659\",\"accountType\":\"1\",\"appid\":\"66778899\",\"pwdEncrypt\":\"3DESMD5\",\"pwd\":\"YsBMGnr82ySxt82qUk9O3eVRlJDtjF5UQxQoPgdfz3bjLMuY6pZaRg==\",\"uuid\":\"111122223333444455556666777788889999\",\"account\":\"13355667777\",\"email\":\"yangmi@126.com\"}','0000','OK','app/userAccount/doRegister','68','20180620','20180620225609'), ('100023','100111','13355667777','111122223333444455556666777788889999','66778899','2','用户注册','{\"msgVerifyCode\":\"61280659\",\"accountType\":\"1\",\"appid\":\"66778899\",\"pwdEncrypt\":\"3DESMD5\",\"pwd\":\"YsBMGnr82ySxt82qUk9O3eVRlJDtjF5UQxQoPgdfz3bjLMuY6pZaRg==\",\"uuid\":\"111122223333444455556666777788889999\",\"account\":\"13355667777\",\"email\":\"yangmi@126.com\"}','0000','OK','app/userAccount/doRegister','373','20180621','20180621000138'), ('100024',NULL,'13355667777','111122223333444455556666777788889999','66778899','2','用户注册','{\"msgVerifyCode\":\"61280659\",\"accountType\":\"1\",\"appid\":\"66778899\",\"pwdEncrypt\":\"3DESMD5\",\"pwd\":\"YsBMGnr82ySxt82qUk9O3eVRlJDtjF5UQxQoPgdfz3bjLMuY6pZaRg==\",\"uuid\":\"111122223333444455556666777788889999\",\"account\":\"13355667777\",\"email\":\"yangmi@126.com\"}','e412','短信验证码已经失效，请重新获取','app/userAccount/doRegister','120','20180621','20180621000500'), ('100025',NULL,'13355667777','111122223333444455556666777788889999','1000','1','用户登录','{\"accountType\":\"1\",\"appId\":\"1000\",\"termType\":\"1\",\"pwdEncrypt\":\"3DESMD5\",\"pwd\":\"cc9Eybc5uwkXgtpUApcQl8hOrgwYg3PoiD9T1k+af9K8GHSYSMLu6u260aP7H6R+VjieHL+uz5hJ7dv/qlqco81dPAEgmtAgKYULm6TRHwrG6O51VwPxl2FiSBRM6w8A1VFhawbAJKJjLPgirK8Q8ynbics/irD6gZyTPQNjEUE=\",\"uuid\":\"111122223333444455556666777788889999\",\"account\":\"13355667777\"}','e405','密码解析错误','app/userAccount/doLogin','283','20180621','20180621000535'), ('100026','100111','13355667777','111122223333444455556666777788889999','1000','1','用户登录','{\"accountType\":\"1\",\"appId\":\"1000\",\"termType\":\"1\",\"pwdEncrypt\":\"3DESMD5\",\"pwd\":\"1JBJe0LHsU2eqHiAl9zOxXD5tQuC+Bn04l8cw1mlS+TjLMuY6pZaRg==\",\"uuid\":\"111122223333444455556666777788889999\",\"account\":\"13355667777\"}','e404','密码错误','app/userAccount/doLogin','54','20180621','20180621000546'), ('100027','100111','13355667777','111122223333444455556666777788889999','1000','1','用户登录','{\"accountType\":\"1\",\"appId\":\"1000\",\"termType\":\"1\",\"pwdEncrypt\":\"3DESMD5\",\"pwd\":\"1JBJe0LHsU2eqHiAl9zOxXD5tQuC+Bn04l8cw1mlS+TjLMuY6pZaRg==\",\"uuid\":\"111122223333444455556666777788889999\",\"account\":\"13355667777\"}','e404','密码错误','app/userAccount/doLogin','39','20180621','20180621000551'), ('100028','100111','13355667777','111122223333444455556666777788889999','1000','1','用户登录','{\"accountType\":\"1\",\"appId\":\"1000\",\"termType\":\"1\",\"pwdEncrypt\":\"3DESMD5\",\"pwd\":\"1JBJe0LHsU2eqHiAl9zOxXD5tQuC+Bn04l8cw1mlS+TjLMuY6pZaRg==\",\"uuid\":\"111122223333444455556666777788889999\",\"account\":\"13355667777\"}','e404','密码错误','app/userAccount/doLogin','37','20180621','20180621000604'), ('100029','100111','13355667777','111122223333444455556666777788889999','1000','1','用户登录','{\"accountType\":\"1\",\"appId\":\"1000\",\"termType\":\"1\",\"pwdEncrypt\":\"3DESMD5\",\"pwd\":\"1JBJe0LHsU2eqHiAl9zOxXD5tQuC+Bn04l8cw1mlS+TjLMuY6pZaRg==\",\"uuid\":\"111122223333444455556666777788889999\",\"account\":\"13355667777\"}','e404','密码错误','app/userAccount/doLogin','38','20180621','20180621000608'), ('100030','100111','13355667777','111122223333444455556666777788889999','1000','1','用户登录','{\"accountType\":\"1\",\"appId\":\"1000\",\"termType\":\"1\",\"pwdEncrypt\":\"3DESMD5\",\"pwd\":\"1JBJe0LHsU2eqHiAl9zOxXD5tQuC+Bn04l8cw1mlS+TjLMuY6pZaRg==\",\"uuid\":\"111122223333444455556666777788889999\",\"account\":\"13355667777\"}','e404','密码错误','app/userAccount/doLogin','33','20180621','20180621000613'), ('100031','100111','13355667777','111122223333444455556666777788889999','1000','1','用户登录','{\"accountType\":\"1\",\"appId\":\"1000\",\"termType\":\"1\",\"pwdEncrypt\":\"3DESMD5\",\"pwd\":\"1JBJe0LHsU2eqHiAl9zOxXD5tQuC+Bn04l8cw1mlS+TjLMuY6pZaRg==\",\"uuid\":\"111122223333444455556666777788889999\",\"account\":\"13355667777\"}','e404','密码错误','app/userAccount/doLogin','31','20180621','20180621000617'), ('100032','100111','13355667777','111122223333444455556666777788889999','1000','1','用户登录','{\"accountType\":\"1\",\"appId\":\"1000\",\"termType\":\"1\",\"pwdEncrypt\":\"3DESMD5\",\"pwd\":\"1JBJe0LHsU2eqHiAl9zOxXD5tQuC+Bn04l8cw1mlS+TjLMuY6pZaRg==\",\"uuid\":\"111122223333444455556666777788889999\",\"account\":\"13355667777\"}','e409','密码错误次数过多，请验证登录或找回密码','app/userAccount/doLogin','31094','20180621','20180621000744'), ('100033','100111','13355667777','111122223333444455556666777788889999','1000','1','用户登录','{\"accountType\":\"1\",\"appId\":\"1000\",\"termType\":\"1\",\"pwdEncrypt\":\"3DESMD5\",\"pwd\":\"1JBJe0LHsU2eqHiAl9zOxXD5tQuC+Bn04l8cw1mlS+TjLMuY6pZaRg==\",\"uuid\":\"111122223333444455556666777788889999\",\"account\":\"13355667777\"}','e409','密码错误次数过多，请验证登录或找回密码','app/userAccount/doLogin','28','20180621','20180621000759'), ('100034','100111','13355667777','111122223333444455556666777788889999','1000','1','用户登录','{\"accountType\":\"1\",\"appId\":\"1000\",\"termType\":\"1\",\"pwdEncrypt\":\"3DESMD5\",\"pwd\":\"YsBMGnr82ySxt82qUk9O3eVRlJDtjF5UQxQoPgdfz3bjLMuY6pZaRg==\",\"uuid\":\"111122223333444455556666777788889999\",\"account\":\"13355667777\"}','0000','OK','app/userAccount/doLogin','15148','20180621','20180621000836');
INSERT INTO `tbl_system_log_function` VALUES ('1','用户登录','account','app/userAccount/doLogin','1','1'), ('2','用户注册','account','app/userAccount/doRegister','1','1'), ('3','发送短信验证码','msgAddr','app/msg/doMsgSend','1','1');
INSERT INTO `tbl_system_log_matter` VALUES ('100009','100018','13355667766','111122223333444455556666777788889999','1000','1','用户登录',NULL,'e404','密码错误','app/userAccount/doLogin',NULL,NULL,NULL), ('100010',NULL,'13355667780','66778899',NULL,'2','用户注册',NULL,'e401','请求参数错误','app/userAccount/doRegister','291','20180620','20180620224958'), ('100011',NULL,'13355667780','66778899','66778899','2','用户注册',NULL,'e401','请求参数错误','app/userAccount/doRegister','18','20180620','20180620225025'), ('100012',NULL,'13355667780','66778899','66778899','2','用户注册',NULL,'e412','你还没有获取短信验证码','app/userAccount/doRegister','32','20180620','20180620225041'), ('100019',NULL,'13355667780','66778899','66778899','2','用户注册',NULL,'e412','你还没有获取短信验证码','app/userAccount/doRegister','15','20180620','20180620225429'), ('100020',NULL,'13355667777','111122223333444455556666777788889999','66778899','2','用户注册',NULL,'e412','你还没有获取短信验证码','app/userAccount/doRegister','14','20180620','20180620225508'), ('100022','100110','13355667777','111122223333444455556666777788889999','66778899','2','用户注册',NULL,'0000','OK','app/userAccount/doRegister','68','20180620','20180620225609'), ('100023','100111','13355667777','111122223333444455556666777788889999','66778899','2','用户注册',NULL,'0000','OK','app/userAccount/doRegister','373','20180621','20180621000138'), ('100024',NULL,'13355667777','111122223333444455556666777788889999','66778899','2','用户注册',NULL,'e412','短信验证码已经失效，请重新获取','app/userAccount/doRegister','120','20180621','20180621000500'), ('100026','100111','13355667777','111122223333444455556666777788889999','1000','1','用户登录',NULL,'e404','密码错误','app/userAccount/doLogin','54','20180621','20180621000546'), ('100027','100111','13355667777','111122223333444455556666777788889999','1000','1','用户登录',NULL,'e404','密码错误','app/userAccount/doLogin','39','20180621','20180621000551'), ('100028','100111','13355667777','111122223333444455556666777788889999','1000','1','用户登录',NULL,'e404','密码错误','app/userAccount/doLogin','37','20180621','20180621000604'), ('100029','100111','13355667777','111122223333444455556666777788889999','1000','1','用户登录',NULL,'e404','密码错误','app/userAccount/doLogin','38','20180621','20180621000608'), ('100030','100111','13355667777','111122223333444455556666777788889999','1000','1','用户登录',NULL,'e404','密码错误','app/userAccount/doLogin','33','20180621','20180621000613'), ('100031','100111','13355667777','111122223333444455556666777788889999','1000','1','用户登录',NULL,'e404','密码错误','app/userAccount/doLogin','31','20180621','20180621000617');
INSERT INTO `tbl_util_seq` VALUES ('SEQ_LOGIN_APP_INFO_NEW_PK','100010','1'), ('SEQ_LOGIN_TOKEN_NEW_PK','100065','2'), ('SEQ_LOGIN_USER_NEW_PK','100111','3'), ('SEQ_MSG_INFO_NEW_PK','100202','15'), ('SYSTEM_LOG_NEW_PK','100034','35'), ('tbl_login_user_new_pk','100002','1');
INSERT INTO `tbl_uuid_keypair` VALUES ('111122223333444455556666777788889999','3DES','SfjQziYTwviwl3xnkeY4cBp85gKhMf5z','SfjQziYTwviwl3xnkeY4cBp85gKhMf5z','20180620225404','1'), ('111122223333444455556666777788889999','RSA','MIGfMA0GCSqGSIb3DQEBAQUAA4GNADCBiQKBgQCtGQvj57TW+zPcHcLFRf90XT4N20PXvufEqcCNjT3+GZoCbuidDrbQWbx/ZIob0RYZ7pLwzOAJjQ6Ace1gAdCAPLrrglGxAcy3ZP1vMipsSSTpdMdGW7n8llqJ4OLeg+ZjZdiB+0AaBH6vigDhSRwRd4PR/zDoWJyqkkbncxe7NQIDAQAB','MIICdwIBADANBgkqhkiG9w0BAQEFAASCAmEwggJdAgEAAoGBAK0ZC+PntNb7M9wdwsVF/3RdPg3bQ9e+58SpwI2NPf4ZmgJu6J0OttBZvH9kihvRFhnukvDM4AmNDoBx7WAB0IA8uuuCUbEBzLdk/W8yKmxJJOl0x0ZbufyWWong4t6D5mNl2IH7QBoEfq+KAOFJHBF3g9H/MOhYnKqSRudzF7s1AgMBAAECgYAW/I9+qWNzdRJy9aTKy7vbuRInhumgeeKPVDeU1J/Z4Y55Kj9LtAuE6ZXFmRVaEk8MDImI3rwVqJy3Y+mw6SzF0qlyX0wmLd1O55Zz9Biogqqp8zvUiOdgiDG8Z5uC+5h7k9W3z9UqyNpA9Ne46ZxlOMoqPW2QmIC7LJoceoC6oQJBAOYP/cSemAagjlI5hlchpAcXPH/D+F9Bc9wViZqv07n74A8SHjYmPhNP3JKL7PHXXr9IjmLpuuoiFuRMKWWk4A0CQQDAnPSaLiCKWeDcuBkjnOYp5gF/zM4gXCK6fzm2Pn8m4jZ/TOLbR9ilpMjQyQ8+9l7aBKOpsnQsSP4Qe3133dXJAkEAh7Z/OHFltOMZkZ+lg9iwbg5i/euYpHhz5CxAVCPMfjX64mkJsV+11qaRs1EfoTovBh/C/s5qGJurbVkQQomUMQJBALMnyqQ2T3IgU3U5j7h+Ud+a3r4eo4OZ73uEpwuKaf6i3ond3AyWcT7xXRBGU3X+9w7Wzdwj7sbaRebS1ktN/XECQAahrrZLYpHh6Bm2slsbAoRxbIwGiXQhUPgwFDvEaQTWB32poo3Ei/UnmI/DdJMfpTuUN4aK7xASAKibpu88ItQ=','20180620095715','1'), ('66778899','3DES','lHk02r/O/VRd1aK1eg2XXqI+E54gUdDp','lHk02r/O/VRd1aK1eg2XXqI+E54gUdDp','20180617103520','5'), ('66778899','RSA','MIGfMA0GCSqGSIb3DQEBAQUAA4GNADCBiQKBgQCXaceLisueOt45RnNhPj5qc/s1r3Gbmd2ngJPqqzqMpFelN0nCySv67N2+cQMi+EoJb6vCOazfUmC56MveZ4yNvN029U7XC2Uqzg/xhpkcbqMGuFkUyyPf7SfEK5ZGOuBXg+ec5qRumh56MQ59SENEDVfGFqAVYUtGgW7Lub0VcwIDAQAB','MIICdQIBADANBgkqhkiG9w0BAQEFAASCAl8wggJbAgEAAoGBAJdpx4uKy5463jlGc2E+Pmpz+zWvcZuZ3aeAk+qrOoykV6U3ScLJK/rs3b5xAyL4Sglvq8I5rN9SYLnoy95njI283Tb1TtcLZSrOD/GGmRxuowa4WRTLI9/tJ8QrlkY64FeD55zmpG6aHnoxDn1IQ0QNV8YWoBVhS0aBbsu5vRVzAgMBAAECgYAS2aF1Fud4oH2QBdxRa+1bVWsd6OSs6X/13YUMvxp/7enXcMWnEWJ/T8PfdLReQyj8ecGZYZLLDrdqDbhrzNprjb66Cdg5pRfunofZeosrU+9CFI5C3K8e70p8ANMQINgJxC/5lh2pE48Ox4piKdJkLhRKhb9W9kcOxGaJFOyRIQJBANToghBPdqg6sWn02CIuHezlTCGnaBPVZP7aB8ELpDgqQ/TVlvlvvCAc8qymw3SRpYVWNI65X4T/Sk7eplDAICMCQQC2DwG/rslc3148Zmb5R1K/yQYeEo1HUyLIGv27bYRc4buyqMs378ngYghUdPncFdXdTcNK6Op1mew2abHmMOJxAkAdZAdoZv/TU17gaJtZhJI+/JxY3PpCGqg5gjGl1YyS8Eq3RrDzuBf5OuXJLbA3rE90K6VPuolUG8XPQ28kIJGPAkAllqWayOCkPy36tH3QO+yW0k9kCBqJPl3xCLmYZ/0rHCQft//1NZntrO/hWCF6UjvMrFCE99/olfYSKfJj/3XRAkBehGtv0CqGPGGe/m56o07R7Qd6yRckMsvO/dluNn37sjvdxZkCCCI/+2ZsyYYbkVcai8+bmDHLK6YL4rmbFUor','20180619152540','5');
